Chr,Pos,Ref,Alt,RSID,Effect_Allele,Weight
3,72865183,C,T,rs13085136,C,1.0576484
5,67714246,A,G,rs4976033,G,1.1202505
17,9785187,G,C,rs7222481,C,0.90343225
16,53800954,T,C,rs1421085,C,0.85357624
7,30728452,C,T,rs917195,C,1.069495
3,170733076,G,A,rs9873618,G,0.99315166
8,30863938,T,C,rs10954772,T,1.1781782
18,57848369,A,T,rs523288,T,1.1229011
11,92708710,C,G,rs10830963,G,1.042927
5,44682589,A,G,rs6884702,G,0.85300565